ds,y
2007-01-04,17353.66
2007-01-05,17091.58
2007-01-09,17237.76
2007-01-10,16942.4
2007-01-11,16838.16
2007-01-12,17057
2007-01-15,17209.91
2007-01-16,17202.46
2007-01-17,17261.34
2007-01-18,17370.92
2007-01-19,17310.43
2007-01-22,17424.17
2007-01-23,17408.57
2007-01-24,17507.4
2007-01-25,17458.3
2007-01-26,17421.92
2007-01-29,17470.46
2007-01-30,17490.18
2007-01-31,17383.41
2007-02-01,17519.5
2007-02-02,17547.1
2007-02-05,17344.8
2007-02-06,17406.85
2007-02-07,17292.32
2007-02-08,17292.48
2007-02-09,17504.33
2007-02-13,17621.44
2007-02-14,17752.64
2007-02-15,17897.23
2007-02-16,17875.65
2007-02-19,17940.08
2007-02-20,17939.11
2007-02-21,17913.21
2007-02-22,18108.78
2007-02-23,18188.41
2007-02-26,18215.34
2007-02-27,18119.91
2007-02-28,17604.11
2007-03-01,17453.5
2007-03-02,17217.92
2007-03-05,16642.25
2007-03-06,16844.5
2007-03-07,16764.61
2007-03-08,17090.31
2007-03-09,17164.03
2007-03-12,17292.39
2007-03-13,17178.83
2007-03-14,16676.89
2007-03-15,16860.39
2007-03-16,16744.15
2007-03-19,17009.55
2007-03-20,17163.19
2007-03-22,17419.19
2007-03-23,17480.6
2007-03-26,17521.96
2007-03-27,17365.05
2007-03-28,17254.73
2007-03-29,17263.93
2007-03-30,17287.65
2007-04-02,17028.41
2007-04-03,17244.05
2007-04-04,17544.08
2007-04-05,17491.41
2007-04-06,17484.77
2007-04-09,17743.75
2007-04-10,17664.68
2007-04-11,17670.07
2007-04-12,17540.41
2007-04-13,17363.94
2007-04-16,17628.3
2007-04-17,17527.44
2007-04-18,17667.33
2007-04-19,17371.97
2007-04-20,17452.61
2007-04-23,17455.36
2007-04-24,17451.76
2007-04-25,17236.16
2007-04-26,17429.16
2007-04-27,17400.41
2007-05-01,17274.98
2007-05-02,17394.92
2007-05-07,17669.83
2007-05-08,17656.84
2007-05-09,17748.12
2007-05-10,17736.96
2007-05-11,17553.72
2007-05-14,17677.94
2007-05-15,17512.98
2007-05-16,17529
2007-05-17,17498.6
2007-05-18,17399.58
2007-05-21,17556.87
2007-05-22,17680.05
2007-05-23,17705.12
2007-05-24,17696.97
2007-05-25,17481.21
2007-05-28,17587.59
2007-05-29,17672.56
2007-05-30,17588.26
2007-05-31,17875.75
2007-06-01,17958.88
2007-06-04,17973.42
2007-06-05,18053.81
2007-06-06,18040.93
2007-06-07,18053.38
2007-06-08,17779.09
2007-06-11,17834.48
2007-06-12,17760.91
2007-06-13,17732.77
2007-06-14,17842.29
2007-06-15,17971.49
2007-06-18,18149.52
2007-06-19,18163.61
2007-06-20,18211.68
2007-06-21,18240.3
2007-06-22,18188.63
2007-06-25,18087.48
2007-06-26,18066.11
2007-06-27,17849.28
2007-06-28,17932.27
2007-06-29,18138.36
2007-07-02,18146.3
2007-07-03,18149.9
2007-07-04,18168.72
2007-07-05,18221.48
2007-07-06,18140.94
2007-07-09,18261.98
2007-07-10,18252.67
2007-07-11,18049.51
2007-07-12,17984.14
2007-07-13,18238.95
2007-07-17,18217.27
2007-07-18,18015.58
2007-07-19,18116.57
2007-07-20,18157.93
2007-07-23,17963.64
2007-07-24,18002.03
2007-07-25,17858.42
2007-07-26,17702.09
2007-07-27,17283.81
2007-07-30,17289.3
2007-07-31,17248.89
2007-08-01,16870.98
2007-08-02,16984.11
2007-08-03,16979.86
2007-08-06,16914.46
2007-08-07,16921.77
2007-08-08,17029.28
2007-08-09,17170.6
2007-08-10,16764.09
2007-08-13,16800.05
2007-08-14,16844.61
2007-08-15,16475.61
2007-08-16,16148.49
2007-08-17,15273.68
2007-08-20,15732.48
2007-08-21,15901.34
2007-08-22,15900.64
2007-08-23,16316.32
2007-08-24,16248.97
2007-08-27,16301.39
2007-08-28,16287.49
2007-08-29,16012.83
2007-08-30,16153.82
2007-08-31,16569.09
2007-09-03,16524.93
2007-09-04,16420.47
2007-09-05,16158.45
2007-09-06,16257
2007-09-07,16122.16
2007-09-10,15764.97
2007-09-11,15877.67
2007-09-12,15797.6
2007-09-13,15821.19
2007-09-14,16127.42
2007-09-18,15801.8
2007-09-19,16381.54
2007-09-20,16413.79
2007-09-21,16312.61
2007-09-25,16401.73
2007-09-26,16435.74
2007-09-27,16832.22
2007-09-28,16785.69
2007-10-01,16845.96
2007-10-02,17046.78
2007-10-03,17199.89
2007-10-04,17092.49
2007-10-05,17065.04
2007-10-09,17159.9
2007-10-10,17177.89
2007-10-11,17458.98
2007-10-12,17331.17
2007-10-15,17358.15
2007-10-16,17137.92
2007-10-17,16955.31
2007-10-18,17106.09
2007-10-19,16814.37
2007-10-22,16438.47
2007-10-23,16450.58
2007-10-24,16358.39
2007-10-25,16284.17
2007-10-26,16505.63
2007-10-29,16698.08
2007-10-30,16651.01
2007-10-31,16737.63
2007-11-01,16870.4
2007-11-02,16517.48
2007-11-05,16268.92
2007-11-06,16249.63
2007-11-07,16096.68
2007-11-08,15771.57
2007-11-09,15583.42
2007-11-12,15197.09
2007-11-13,15126.63
2007-11-14,15499.56
2007-11-15,15396.3
2007-11-16,15154.61
2007-11-19,15042.56
2007-11-20,15211.52
2007-11-21,14837.66
2007-11-22,14888.77
2007-11-26,15135.21
2007-11-27,15222.85
2007-11-28,15153.78
2007-11-29,15513.74
2007-11-30,15680.67
2007-12-03,15628.97
2007-12-04,15480.19
2007-12-05,15608.88
2007-12-06,15874.08
2007-12-07,15956.37
2007-12-10,15924.39
2007-12-11,16044.72
2007-12-12,15932.26
2007-12-13,15536.52
2007-12-14,15514.51
2007-12-17,15249.79
2007-12-18,15207.86
2007-12-19,15030.51
2007-12-20,15031.6
2007-12-21,15257
2007-12-25,15552.59
2007-12-26,15653.54
2007-12-27,15564.69
2007-12-28,15307.78
2008-01-04,14691.41
2008-01-07,14500.55
2008-01-08,14528.67
2008-01-09,14599.16
2008-01-10,14388.11
2008-01-11,14110.79
2008-01-15,13972.63
2008-01-16,13504.51
2008-01-17,13783.45
2008-01-18,13861.29
2008-01-21,13325.94
2008-01-22,12573.05
2008-01-23,12829.06
2008-01-24,13092.78
2008-01-25,13629.16
2008-01-28,13087.91
2008-01-29,13478.86
2008-01-30,13345.03
2008-01-31,13592.47
2008-02-01,13497.16
2008-02-04,13859.7
2008-02-05,13745.5
2008-02-06,13099.24
2008-02-07,13207.15
2008-02-08,13017.24
2008-02-12,13021.96
2008-02-13,13068.3
2008-02-14,13626.45
2008-02-15,13622.56
2008-02-18,13635.4
2008-02-19,13757.91
2008-02-20,13310.37
2008-02-21,13688.28
2008-02-22,13500.46
2008-02-25,13914.57
2008-02-26,13824.72
2008-02-27,14031.3
2008-02-28,13925.51
2008-02-29,13603.02
2008-03-03,12992.18
2008-03-04,12992.28
2008-03-05,12972.06
2008-03-06,13215.42
2008-03-07,12782.8
2008-03-10,12532.13
2008-03-11,12658.28
2008-03-12,12861.13
2008-03-13,12433.44
2008-03-14,12241.6
2008-03-17,11787.51
2008-03-18,11964.16
2008-03-19,12260.44
2008-03-21,12482.57
2008-03-24,12480.09
2008-03-25,12745.22
2008-03-26,12706.63
2008-03-27,12604.58
2008-03-28,12820.47
2008-03-31,12525.54
2008-04-01,12656.42
2008-04-02,13189.36
2008-04-03,13389.9
2008-04-04,13293.22
2008-04-07,13450.23
2008-04-08,13250.43
2008-04-09,13111.89
2008-04-10,12945.3
2008-04-11,13323.73
2008-04-14,12917.51
2008-04-15,12990.58
2008-04-16,13146.13
2008-04-17,13398.3
2008-04-18,13476.45
2008-04-21,13696.55
2008-04-22,13547.82
2008-04-23,13579.16
2008-04-24,13540.87
2008-04-25,13863.47
2008-04-28,13894.37
2008-04-30,13849.99
2008-05-01,13766.86
2008-05-02,14049.26
2008-05-07,14102.48
2008-05-08,13943.26
2008-05-09,13655.34
2008-05-12,13743.36
2008-05-13,13953.73
2008-05-14,14118.55
2008-05-15,14251.74
2008-05-16,14219.48
2008-05-19,14269.61
2008-05-20,14160.09
2008-05-21,13926.3
2008-05-22,13978.46
2008-05-23,14012.2
2008-05-26,13690.19
2008-05-27,13893.31
2008-05-28,13709.44
2008-05-29,14124.47
2008-05-30,14338.54
2008-06-02,14440.14
2008-06-03,14209.17
2008-06-04,14435.57
2008-06-05,14341.12
2008-06-06,14489.44
2008-06-09,14181.38
2008-06-10,14021.17
2008-06-11,14183.48
2008-06-12,13888.6
2008-06-13,13973.73
2008-06-16,14354.37
2008-06-17,14348.37
2008-06-18,14452.82
2008-06-19,14130.17
2008-06-20,13942.08
2008-06-23,13857.47
2008-06-24,13849.56
2008-06-25,13829.92
2008-06-26,13822.32
2008-06-27,13544.36
2008-06-30,13481.38
2008-07-01,13463.2
2008-07-02,13286.37
2008-07-03,13265.4
2008-07-04,13237.89
2008-07-07,13360.04
2008-07-08,13033.1
2008-07-09,13052.13
2008-07-10,13067.21
2008-07-11,13039.69
2008-07-14,13010.16
2008-07-15,12754.56
2008-07-16,12760.8
2008-07-17,12887.95
2008-07-18,12803.7
2008-07-22,13184.96
2008-07-23,13312.93
2008-07-24,13603.31
2008-07-25,13334.76
2008-07-28,13353.78
2008-07-29,13159.45
2008-07-30,13367.79
2008-07-31,13376.81
2008-08-01,13094.59
2008-08-04,12933.18
2008-08-05,12914.66
2008-08-06,13254.89
2008-08-07,13124.99
2008-08-08,13168.41
2008-08-11,13430.91
2008-08-12,13303.6
2008-08-13,13023.05
2008-08-14,12956.8
2008-08-15,13019.41
2008-08-18,13165.45
2008-08-19,12865.05
2008-08-20,12851.69
2008-08-21,12752.21
2008-08-22,12666.04
2008-08-25,12878.66
2008-08-26,12778.71
2008-08-27,12752.96
2008-08-28,12768.25
2008-08-29,13072.87
2008-09-01,12834.18
2008-09-02,12609.47
2008-09-03,12689.59
2008-09-04,12557.66
2008-09-05,12212.23
2008-09-08,12624.46
2008-09-09,12400.65
2008-09-10,12346.63
2008-09-11,12102.5
2008-09-12,12214.76
2008-09-16,11609.72
2008-09-17,11749.79
2008-09-18,11489.3
2008-09-19,11920.86
2008-09-22,12090.59
2008-09-24,12115.03
2008-09-25,12006.53
2008-09-26,11893.16
2008-09-29,11743.61
2008-09-30,11259.86
2008-10-01,11368.26
2008-10-02,11154.76
2008-10-03,10938.14
2008-10-06,10473.09
2008-10-07,10155.9
2008-10-08,9203.32
2008-10-09,9157.49
2008-10-10,8276.43
2008-10-14,9447.57
2008-10-15,9547.47
2008-10-16,8458.45
2008-10-17,8693.82
2008-10-20,9005.59
2008-10-21,9306.25
2008-10-22,8674.69
2008-10-23,8460.98
2008-10-24,7649.08
2008-10-27,7162.9
2008-10-28,7621.92
2008-10-29,8211.9
2008-10-30,9029.76
2008-10-31,8576.98
2008-11-04,9114.6
2008-11-05,9521.24
2008-11-06,8899.14
2008-11-07,8583
2008-11-10,9081.43
2008-11-11,8809.3
2008-11-12,8695.51
2008-11-13,8238.64
2008-11-14,8462.39
2008-11-17,8522.58
2008-11-18,8328.41
2008-11-19,8273.22
2008-11-20,7703.04
2008-11-21,7910.79
2008-11-25,8323.93
2008-11-26,8213.22
2008-11-27,8373.39
2008-11-28,8512.27
2008-12-01,8397.22
2008-12-02,7863.69
2008-12-03,8004.1
2008-12-04,7924.24
2008-12-05,7917.51
2008-12-08,8329.05
2008-12-09,8395.87
2008-12-10,8660.24
2008-12-11,8720.55
2008-12-12,8235.87
2008-12-15,8664.66
2008-12-16,8568.02
2008-12-17,8612.52
2008-12-18,8667.23
2008-12-19,8588.52
2008-12-22,8723.78
2008-12-24,8517.1
2008-12-25,8599.5
2008-12-26,8739.52
2008-12-29,8747.17
2008-12-30,8859.56
2009-01-05,9043.12
2009-01-06,9080.84
2009-01-07,9239.24
2009-01-08,8876.42
2009-01-09,8836.8
2009-01-13,8413.91
2009-01-14,8438.45
2009-01-15,8023.31
2009-01-16,8230.15
2009-01-19,8256.85
2009-01-20,8065.79
2009-01-21,7901.64
2009-01-22,8051.74
2009-01-23,7745.25
2009-01-26,7682.14
2009-01-27,8061.07
2009-01-28,8106.29
2009-01-29,8251.24
2009-01-30,7994.05
2009-02-02,7873.98
2009-02-03,7825.51
2009-02-04,8038.94
2009-02-05,7949.65
2009-02-06,8076.62
2009-02-09,7969.03
2009-02-10,7945.94
2009-02-12,7705.36
2009-02-13,7779.4
2009-02-16,7750.17
2009-02-17,7645.51
2009-02-18,7534.44
2009-02-19,7557.65
2009-02-20,7416.38
2009-02-23,7376.16
2009-02-24,7268.56
2009-02-25,7461.22
2009-02-26,7457.93
2009-02-27,7568.42
2009-03-02,7280.15
2009-03-03,7229.72
2009-03-04,7290.96
2009-03-05,7433.49
2009-03-06,7173.1
2009-03-09,7086.03
2009-03-10,7054.98
2009-03-11,7376.12
2009-03-12,7198.25
2009-03-13,7569.28
2009-03-16,7704.15
2009-03-17,7949.13
2009-03-18,7972.17
2009-03-19,7945.96
2009-03-23,8215.53
2009-03-24,8488.3
2009-03-25,8479.99
2009-03-26,8636.33
2009-03-27,8626.97
2009-03-30,8236.08
2009-03-31,8109.53
2009-04-01,8351.91
2009-04-02,8719.78
2009-04-03,8749.84
2009-04-06,8857.93
2009-04-07,8832.85
2009-04-08,8595.01
2009-04-09,8916.06
2009-04-10,8964.11
2009-04-13,8924.43
2009-04-14,8842.68
2009-04-15,8742.96
2009-04-16,8755.26
2009-04-17,8907.58
2009-04-20,8924.75
2009-04-21,8711.33
2009-04-22,8727.3
2009-04-23,8847.01
2009-04-24,8707.99
2009-04-27,8726.34
2009-04-28,8493.77
2009-04-30,8828.26
2009-05-01,8977.37
2009-05-07,9385.7
2009-05-08,9432.83
2009-05-11,9451.98
2009-05-12,9298.61
2009-05-13,9340.49
2009-05-14,9093.73
2009-05-15,9265.02
2009-05-18,9038.69
2009-05-19,9290.29
2009-05-20,9344.64
2009-05-21,9264.15
2009-05-22,9225.81
2009-05-25,9347
2009-05-26,9310.81
2009-05-27,9438.77
2009-05-28,9451.39
2009-05-29,9522.5
2009-06-01,9677.75
2009-06-02,9704.31
2009-06-03,9741.67
2009-06-04,9668.96
2009-06-05,9768.01
2009-06-08,9865.63
2009-06-09,9786.82
2009-06-10,9991.49
2009-06-11,9981.33
2009-06-12,10135.82
2009-06-15,10039.67
2009-06-16,9752.88
2009-06-17,9840.85
2009-06-18,9703.72
2009-06-19,9786.26
2009-06-22,9826.27
2009-06-23,9549.61
2009-06-24,9590.32
2009-06-25,9796.08
2009-06-26,9877.39
2009-06-29,9783.47
2009-06-30,9958.44
2009-07-01,9939.93
2009-07-02,9876.15
2009-07-03,9816.07
2009-07-06,9680.87
2009-07-07,9647.79
2009-07-08,9420.75
2009-07-09,9291.06
2009-07-10,9287.28
2009-07-13,9050.33
2009-07-14,9261.81
2009-07-15,9269.25
2009-07-16,9344.16
2009-07-17,9395.32
2009-07-21,9652.02
2009-07-22,9723.16
2009-07-23,9792.94
2009-07-24,9944.55
2009-07-27,10088.66
2009-07-28,10087.26
2009-07-29,10113.24
2009-07-30,10165.21
2009-07-31,10356.83
2009-08-03,10352.47
2009-08-04,10375.01
2009-08-05,10252.53
2009-08-06,10388.09
2009-08-07,10412.09
2009-08-10,10524.26
2009-08-11,10585.46
2009-08-12,10435
2009-08-13,10517.19
2009-08-14,10597.33
2009-08-17,10268.61
2009-08-18,10284.96
2009-08-19,10204
2009-08-20,10383.41
2009-08-21,10238.2
2009-08-24,10581.05
2009-08-25,10497.36
2009-08-26,10639.71
2009-08-27,10473.97
2009-08-28,10534.14
2009-08-31,10492.53
2009-09-01,10530.06
2009-09-02,10280.46
2009-09-03,10214.64
2009-09-04,10187.11
2009-09-07,10320.94
2009-09-08,10393.23
2009-09-09,10312.14
2009-09-10,10513.67
2009-09-11,10444.33
2009-09-14,10202.06
2009-09-15,10217.62
2009-09-16,10270.77
2009-09-17,10443.8
2009-09-18,10370.54
2009-09-24,10544.22
2009-09-25,10265.98
2009-09-28,10009.52
2009-09-29,10100.2
2009-09-30,10133.23
2009-10-01,9978.64
2009-10-02,9731.87
2009-10-05,9674.49
2009-10-06,9691.8
2009-10-07,9799.6
2009-10-08,9832.47
2009-10-09,10016.39
2009-10-13,10076.56
2009-10-14,10060.21
2009-10-15,10238.65
2009-10-16,10257.56
2009-10-19,10236.51
2009-10-20,10336.84
2009-10-21,10333.39
2009-10-22,10267.17
2009-10-23,10282.99
2009-10-26,10362.62
2009-10-27,10212.46
2009-10-28,10075.05
2009-10-29,9891.1
2009-10-30,10034.74
2009-11-02,9802.95
2009-11-04,9844.31
2009-11-05,9717.44
2009-11-06,9789.35
2009-11-09,9808.99
2009-11-10,9870.73
2009-11-11,9871.68
2009-11-12,9804.49
2009-11-13,9770.31
2009-11-16,9791.18
2009-11-17,9729.93
2009-11-18,9676.8
2009-11-19,9549.47
2009-11-20,9497.68
2009-11-24,9401.58
2009-11-25,9441.64
2009-11-26,9383.24
2009-11-27,9081.52
2009-11-30,9345.55
2009-12-01,9572.2
2009-12-02,9608.94
2009-12-03,9977.67
2009-12-04,10022.59
2009-12-07,10167.6
2009-12-08,10140.47
2009-12-09,10004.72
2009-12-10,9862.82
2009-12-11,10107.87
2009-12-14,10105.68
2009-12-15,10083.48
2009-12-16,10177.41
2009-12-17,10163.8
2009-12-18,10142.05
2009-12-21,10183.47
2009-12-22,10378.03
2009-12-24,10536.92
2009-12-25,10494.71
2009-12-28,10634.23
2009-12-29,10638.06
2009-12-30,10546.44
2010-01-04,10654.79
2010-01-05,10681.83
2010-01-06,10731.45
2010-01-07,10681.66
2010-01-08,10798.32
2010-01-12,10879.14
2010-01-13,10735.03
2010-01-14,10907.68
2010-01-15,10982.1
2010-01-18,10855.08
2010-01-19,10764.9
2010-01-20,10737.52
2010-01-21,10868.41
2010-01-22,10590.55
2010-01-25,10512.69
2010-01-26,10325.28
2010-01-27,10252.08
2010-01-28,10414.29
2010-01-29,10198.04
2010-02-01,10205.02
2010-02-02,10371.09
2010-02-03,10404.33
2010-02-04,10355.98
2010-02-05,10057.09
2010-02-08,9951.82
2010-02-09,9932.9
2010-02-10,9963.99
2010-02-12,10092.19
2010-02-15,10013.3
2010-02-16,10034.25
2010-02-17,10306.83
2010-02-18,10335.69
2010-02-19,10123.58
2010-02-22,10400.47
2010-02-23,10352.1
2010-02-24,10198.83
2010-02-25,10101.96
2010-02-26,10126.03
2010-03-01,10172.06
2010-03-02,10221.84
2010-03-03,10253.14
2010-03-04,10145.72
2010-03-05,10368.96
2010-03-08,10585.92
2010-03-09,10567.65
2010-03-10,10563.92
2010-03-11,10664.95
2010-03-12,10751.26
2010-03-15,10751.98
2010-03-16,10721.71
2010-03-17,10846.98
2010-03-18,10744.03
2010-03-19,10824.72
2010-03-23,10774.15
2010-03-24,10815.03
2010-03-25,10828.85
2010-03-26,10996.37
2010-03-29,10986.47
2010-03-30,11097.14
2010-03-31,11089.94
2010-04-01,11244.4
2010-04-02,11286.09
2010-04-05,11339.3
2010-04-06,11282.32
2010-04-07,11292.83
2010-04-08,11168.2
2010-04-09,11204.34
2010-04-12,11251.9
2010-04-13,11161.23
2010-04-14,11204.9
2010-04-15,11273.79
2010-04-16,11102.18
2010-04-19,10908.77
2010-04-20,10900.68
2010-04-21,11090.05
2010-04-22,10949.09
2010-04-23,10914.46
2010-04-26,11165.79
2010-04-27,11212.66
2010-04-28,10924.79
2010-04-30,11057.4
2010-05-06,10695.69
2010-05-07,10364.59
2010-05-10,10530.7
2010-05-11,10411.1
2010-05-12,10394.03
2010-05-13,10620.55
2010-05-14,10462.51
2010-05-17,10235.76
2010-05-18,10242.64
2010-05-19,10186.84
2010-05-20,10030.31
2010-05-21,9784.54
2010-05-24,9758.4
2010-05-25,9459.89
2010-05-26,9522.66
2010-05-27,9639.72
2010-05-28,9762.98
2010-05-31,9768.7
2010-06-01,9711.83
2010-06-02,9603.24
2010-06-03,9914.19
2010-06-04,9901.19
2010-06-07,9520.8
2010-06-08,9537.94
2010-06-09,9439.13
2010-06-10,9542.65
2010-06-11,9705.25
2010-06-14,9879.85
2010-06-15,9887.89
2010-06-16,10067.15
2010-06-17,9999.4
2010-06-18,9995.02
2010-06-21,10238.01
2010-06-22,10112.89
2010-06-23,9923.7
2010-06-24,9928.34
2010-06-25,9737.48
2010-06-28,9693.94
2010-06-29,9570.67
2010-06-30,9382.64
2010-07-01,9191.6
2010-07-02,9203.71
2010-07-05,9266.78
2010-07-06,9338.04
2010-07-07,9279.65
2010-07-08,9535.74
2010-07-09,9585.32
2010-07-12,9548.11
2010-07-13,9537.23
2010-07-14,9795.24
2010-07-15,9685.53
2010-07-16,9408.36
2010-07-20,9300.46
2010-07-21,9278.83
2010-07-22,9220.88
2010-07-23,9430.96
2010-07-26,9503.66
2010-07-27,9496.85
2010-07-28,9753.27
2010-07-29,9696.02
2010-07-30,9537.3
2010-08-02,9570.31
2010-08-03,9694.01
2010-08-04,9489.34
2010-08-05,9653.92
2010-08-06,9642.12
2010-08-09,9572.49
2010-08-10,9551.05
2010-08-11,9292.85
2010-08-12,9212.59
2010-08-13,9253.46
2010-08-16,9196.67
2010-08-17,9161.68
2010-08-18,9240.54
2010-08-19,9362.68
2010-08-20,9179.38
2010-08-23,9116.69
2010-08-24,8995.14
2010-08-25,8845.39
2010-08-26,8906.48
2010-08-27,8991.06
2010-08-30,9149.26
2010-08-31,8824.06
2010-09-01,8927.02
2010-09-02,9062.84
2010-09-03,9114.13
2010-09-06,9301.32
2010-09-07,9226
2010-09-08,9024.6
2010-09-09,9098.39
2010-09-10,9239.17
2010-09-13,9321.82
2010-09-14,9299.31
2010-09-15,9516.56
2010-09-16,9509.5
2010-09-17,9626.09
2010-09-21,9602.11
2010-09-22,9566.32
2010-09-24,9471.67
2010-09-27,9603.14
2010-09-28,9495.76
2010-09-29,9559.38
2010-09-30,9369.35
2010-10-01,9404.23
2010-10-04,9381.06
2010-10-05,9518.76
2010-10-06,9691.43
2010-10-07,9684.81
2010-10-08,9588.88
2010-10-12,9388.64
2010-10-13,9403.51
2010-10-14,9583.51
2010-10-15,9500.25
2010-10-18,9498.49
2010-10-19,9539.45
2010-10-20,9381.6
2010-10-21,9376.48
2010-10-22,9426.71
2010-10-25,9401.16
2010-10-26,9377.38
2010-10-27,9387.03
2010-10-28,9366.03
2010-10-29,9202.45
2010-11-01,9154.72
2010-11-02,9159.98
2010-11-04,9358.78
2010-11-05,9625.99
2010-11-08,9732.92
2010-11-09,9694.49
2010-11-10,9830.52
2010-11-11,9861.46
2010-11-12,9724.81
2010-11-15,9827.51
2010-11-16,9797.1
2010-11-17,9811.66
2010-11-18,10013.63
2010-11-19,10022.39
2010-11-22,10115.19
2010-11-24,10030.11
2010-11-25,10079.76
2010-11-26,10039.56
2010-11-29,10125.99
2010-11-30,9937.04
2010-12-01,9988.05
2010-12-02,10168.52
2010-12-03,10178.32
2010-12-06,10167.23
2010-12-07,10141.1
2010-12-08,10232.33
2010-12-09,10285.88
2010-12-10,10211.95
2010-12-13,10293.89
2010-12-14,10316.77
2010-12-15,10309.78
2010-12-16,10311.29
2010-12-17,10303.83
2010-12-20,10216.41
2010-12-21,10370.53
2010-12-22,10346.48
2010-12-24,10279.19
2010-12-27,10355.99
2010-12-28,10292.63
2010-12-29,10344.54
2010-12-30,10228.92
2011-01-04,10398.1
2011-01-05,10380.77
2011-01-06,10529.76
2011-01-07,10541.04
2011-01-11,10510.68
2011-01-12,10512.8
2011-01-13,10589.76
2011-01-14,10499.04
2011-01-17,10502.86
2011-01-18,10518.98
2011-01-19,10557.1
2011-01-20,10437.31
2011-01-21,10274.52
2011-01-24,10345.11
2011-01-25,10464.42
2011-01-26,10401.9
2011-01-27,10478.66
2011-01-28,10360.34
2011-01-31,10237.92
2011-02-01,10274.5
2011-02-02,10457.36
2011-02-03,10431.36
2011-02-04,10543.52
2011-02-07,10592.04
2011-02-08,10635.98
2011-02-09,10617.83
2011-02-10,10605.65
2011-02-14,10725.54
2011-02-15,10746.67
2011-02-16,10808.29
2011-02-17,10836.64
2011-02-18,10842.8
2011-02-21,10857.53
2011-02-22,10664.7
2011-02-23,10579.1
2011-02-24,10452.71
2011-02-25,10526.76
2011-02-28,10624.09
2011-03-01,10754.03
2011-03-02,10492.38
2011-03-03,10586.02
2011-03-04,10693.66
2011-03-07,10505.02
2011-03-08,10525.19
2011-03-09,10589.5
2011-03-10,10434.38
2011-03-11,10254.43
2011-03-14,9620.49
2011-03-15,8605.15
2011-03-16,9093.72
2011-03-17,8962.67
2011-03-18,9206.75
2011-03-22,9608.32
2011-03-23,9449.47
2011-03-24,9435.01
2011-03-25,9536.13
2011-03-28,9478.53
2011-03-29,9459.08
2011-03-30,9708.79
2011-03-31,9755.1
2011-04-01,9708.39
2011-04-04,9718.89
2011-04-05,9615.55
2011-04-06,9584.37
2011-04-07,9590.93
2011-04-08,9768.08
2011-04-11,9719.7
2011-04-12,9555.26
2011-04-13,9641.18
2011-04-14,9653.92
2011-04-15,9591.52
2011-04-18,9556.65
2011-04-19,9441.03
2011-04-20,9606.82
2011-04-21,9685.77
2011-04-22,9682.21
2011-04-25,9671.96
2011-04-26,9558.69
2011-04-27,9691.84
2011-04-28,9849.74
2011-05-02,10004.2
2011-05-06,9859.2
2011-05-09,9794.38
2011-05-10,9818.76
2011-05-11,9864.26
2011-05-12,9716.65
2011-05-13,9648.77
2011-05-16,9558.3
2011-05-17,9567.02
2011-05-18,9662.08
2011-05-19,9620.82
2011-05-20,9607.08
2011-05-23,9460.63
2011-05-24,9477.17
2011-05-25,9422.88
2011-05-26,9562.05
2011-05-27,9521.94
2011-05-30,9504.97
2011-05-31,9693.73
2011-06-01,9719.61
2011-06-02,9555.04
2011-06-03,9492.21
2011-06-06,9380.35
2011-06-07,9442.95
2011-06-08,9449.46
2011-06-09,9467.15
2011-06-10,9514.44
2011-06-13,9448.21
2011-06-14,9547.79
2011-06-15,9574.32
2011-06-16,9411.28
2011-06-17,9351.4
2011-06-20,9354.32
2011-06-21,9459.66
2011-06-22,9629.43
2011-06-23,9596.74
2011-06-24,9678.71
2011-06-27,9578.31
2011-06-28,9648.98
2011-06-29,9797.26
2011-06-30,9816.09
2011-07-01,9868.07
2011-07-04,9965.09
2011-07-05,9972.46
2011-07-06,10082.48
2011-07-07,10071.14
2011-07-08,10137.73
2011-07-11,10069.53
2011-07-12,9925.92
2011-07-13,9963.14
2011-07-14,9936.12
2011-07-15,9974.47
2011-07-19,9889.72
2011-07-20,10005.9
2011-07-21,10010.39
2011-07-22,10132.11
2011-07-25,10050.01
2011-07-26,10097.72
2011-07-27,10047.19
2011-07-28,9901.35
2011-07-29,9833.03
2011-08-01,9965.01
2011-08-02,9844.59
2011-08-03,9637.14
2011-08-04,9659.18
2011-08-05,9299.88
2011-08-08,9097.56
2011-08-09,8944.48
2011-08-10,9038.74
2011-08-11,8981.94
2011-08-12,8963.72
2011-08-15,9086.41
2011-08-16,9107.43
2011-08-17,9057.26
2011-08-18,8943.76
2011-08-19,8719.24
2011-08-22,8628.13
2011-08-23,8733.01
2011-08-24,8639.61
2011-08-25,8772.36
2011-08-26,8797.78
2011-08-29,8851.35
2011-08-30,8953.9
2011-08-31,8955.2
2011-09-01,9060.8
2011-09-02,8950.74
2011-09-05,8784.46
2011-09-06,8590.57
2011-09-07,8763.41
2011-09-08,8793.12
2011-09-09,8737.66
2011-09-12,8535.67
2011-09-13,8616.55
2011-09-14,8518.57
2011-09-15,8668.86
2011-09-16,8864.16
2011-09-20,8721.24
2011-09-21,8741.16
2011-09-22,8560.26
2011-09-26,8374.13
2011-09-27,8609.95
2011-09-28,8615.65
2011-09-29,8701.23
2011-09-30,8700.29
2011-10-03,8545.48
2011-10-04,8456.12
2011-10-05,8382.98
2011-10-06,8522.02
2011-10-07,8605.62
2011-10-11,8773.68
2011-10-12,8738.9
2011-10-13,8823.25
2011-10-14,8747.96
2011-10-17,8879.6
2011-10-18,8741.91
2011-10-19,8772.54
2011-10-20,8682.15
2011-10-21,8678.89
2011-10-24,8843.98
2011-10-25,8762.31
2011-10-26,8748.47
2011-10-27,8926.54
2011-10-28,9050.47
2011-10-31,8988.39
2011-11-01,8835.52
2011-11-02,8640.42
2011-11-04,8801.4
2011-11-07,8767.09
2011-11-08,8655.51
2011-11-09,8755.44
2011-11-10,8500.8
2011-11-11,8514.47
2011-11-14,8603.7
2011-11-15,8541.93
2011-11-16,8463.16
2011-11-17,8479.63
2011-11-18,8374.91
2011-11-21,8348.27
2011-11-22,8314.74
2011-11-24,8165.18
2011-11-25,8160.01
2011-11-28,8287.49
2011-11-29,8477.82
2011-11-30,8434.61
2011-12-01,8597.38
2011-12-02,8643.75
2011-12-05,8695.98
2011-12-06,8575.16
2011-12-07,8722.17
2011-12-08,8664.58
2011-12-09,8536.46
2011-12-12,8653.82
2011-12-13,8552.81
2011-12-14,8519.13
2011-12-15,8377.37
2011-12-16,8401.72
2011-12-19,8296.12
2011-12-20,8336.48
2011-12-21,8459.98
2011-12-22,8395.16
2011-12-26,8479.34
2011-12-27,8440.56
2011-12-28,8423.62
2011-12-29,8398.89
2011-12-30,8455.35
2012-01-04,8560.11
2012-01-05,8488.71
2012-01-06,8390.35
2012-01-10,8422.26
2012-01-11,8447.88
2012-01-12,8385.59
2012-01-13,8500.02
2012-01-16,8378.36
2012-01-17,8466.4
2012-01-18,8550.58
2012-01-19,8639.68
2012-01-20,8766.36
2012-01-23,8765.9
2012-01-24,8785.33
2012-01-25,8883.69
2012-01-26,8849.47
2012-01-27,8841.22
2012-01-30,8793.05
2012-01-31,8802.51
2012-02-01,8809.79
2012-02-02,8876.82
2012-02-03,8831.93
2012-02-06,8929.2
2012-02-07,8917.52
2012-02-08,9015.59
2012-02-09,9002.24
2012-02-10,8947.17
2012-02-13,8999.18
2012-02-14,9052.07
2012-02-15,9260.34
2012-02-16,9238.1
2012-02-17,9384.17
2012-02-20,9485.09
2012-02-21,9463.02
2012-02-22,9554
2012-02-23,9595.57
2012-02-24,9647.38
2012-02-27,9633.93
2012-02-28,9722.52
2012-02-29,9723.24
2012-03-01,9707.37
2012-03-02,9777.03
2012-03-05,9698.59
2012-03-06,9637.63
2012-03-07,9576.06
2012-03-08,9768.96
2012-03-09,9929.74
2012-03-12,9889.86
2012-03-13,9899.08
2012-03-14,10050.52
2012-03-15,10123.28
2012-03-16,10129.83
2012-03-19,10141.99
2012-03-21,10086.49
2012-03-22,10127.08
2012-03-23,10011.47
2012-03-26,10018.24
2012-03-27,10255.15
2012-03-28,10182.57
2012-03-29,10114.79
2012-03-30,10083.56
2012-04-02,10109.87
2012-04-03,10050.39
2012-04-04,9819.99
2012-04-05,9767.61
2012-04-06,9688.45
2012-04-09,9546.26
2012-04-10,9538.02
2012-04-11,9458.74
2012-04-12,9524.79
2012-04-13,9637.99
2012-04-16,9470.64
2012-04-17,9464.71
2012-04-18,9667.26
2012-04-19,9588.38
2012-04-20,9561.36
2012-04-23,9542.17
2012-04-24,9468.04
2012-04-25,9561.01
2012-04-26,9561.83
2012-04-27,9520.89
2012-05-01,9350.95
2012-05-02,9380.25
2012-05-07,9119.14
2012-05-08,9181.65
2012-05-09,9045.06
2012-05-10,9009.65
2012-05-11,8953.31
2012-05-14,8973.84
2012-05-15,8900.74
2012-05-16,8801.17
2012-05-17,8876.59
2012-05-18,8611.31
2012-05-21,8633.89
2012-05-22,8729.29
2012-05-23,8556.6
2012-05-24,8563.38
2012-05-25,8580.39
2012-05-28,8593.15
2012-05-29,8657.08
2012-05-30,8633.19
2012-05-31,8542.73
2012-06-01,8440.25
2012-06-04,8295.63
2012-06-05,8382
2012-06-06,8533.53
2012-06-07,8639.72
2012-06-08,8459.26
2012-06-11,8624.9
2012-06-12,8536.72
2012-06-13,8587.84
2012-06-14,8568.89
2012-06-15,8569.32
2012-06-18,8721.02
2012-06-19,8655.87
2012-06-20,8752.31
2012-06-21,8824.07
2012-06-22,8798.35
2012-06-25,8734.62
2012-06-26,8663.99
2012-06-27,8730.49
2012-06-28,8874.11
2012-06-29,9006.78
2012-07-02,9003.48
2012-07-03,9066.59
2012-07-04,9104.17
2012-07-05,9079.8
2012-07-06,9020.75
2012-07-09,8896.88
2012-07-10,8857.73
2012-07-11,8851
2012-07-12,8720.01
2012-07-13,8724.12
2012-07-17,8755
2012-07-18,8726.74
2012-07-19,8795.55
2012-07-20,8669.87
2012-07-23,8508.32
2012-07-24,8488.09
2012-07-25,8365.9
2012-07-26,8443.1
2012-07-27,8566.64
2012-07-30,8635.44
2012-07-31,8695.06
2012-08-01,8641.85
2012-08-02,8653.18
2012-08-03,8555.11
2012-08-06,8726.29
2012-08-07,8803.31
2012-08-08,8881.16
2012-08-09,8978.6
2012-08-10,8891.44
2012-08-13,8885.15
2012-08-14,8929.88
2012-08-15,8925.04
2012-08-16,9092.76
2012-08-17,9162.5
2012-08-20,9171.16
2012-08-21,9156.92
2012-08-22,9131.74
2012-08-23,9178.12
2012-08-24,9070.76
2012-08-27,9085.39
2012-08-28,9033.29
2012-08-29,9069.81
2012-08-30,8983.78
2012-08-31,8839.91
2012-09-03,8783.89
2012-09-04,8775.51
2012-09-05,8679.82
2012-09-06,8680.57
2012-09-07,8871.65
2012-09-10,8869.37
2012-09-11,8807.38
2012-09-12,8959.96
2012-09-13,8995.15
2012-09-14,9159.39
2012-09-18,9123.77
2012-09-19,9232.21
2012-09-20,9086.98
2012-09-21,9110
2012-09-24,9069.29
2012-09-25,9091.54
2012-09-26,8906.7
2012-09-27,8949.87
2012-09-28,8870.16
2012-10-01,8796.51
2012-10-02,8786.05
2012-10-03,8746.87
2012-10-04,8824.59
2012-10-05,8863.3
2012-10-09,8769.59
2012-10-10,8596.23
2012-10-11,8546.78
2012-10-12,8534.12
2012-10-15,8577.93
2012-10-16,8701.31
2012-10-17,8806.55
2012-10-18,8982.86
2012-10-19,9002.68
2012-10-22,9010.71
2012-10-23,9014.25
2012-10-24,8954.3
2012-10-25,9055.2
2012-10-26,8933.06
2012-10-29,8929.34
2012-10-30,8841.98
2012-10-31,8928.29
2012-11-01,8946.87
2012-11-02,9051.22
2012-11-05,9007.44
2012-11-06,8975.15
2012-11-07,8972.89
2012-11-08,8837.15
2012-11-09,8757.6
2012-11-12,8676.44
2012-11-13,8661.05
2012-11-14,8664.73
2012-11-15,8829.72
2012-11-16,9024.16
2012-11-19,9153.2
2012-11-20,9142.64
2012-11-21,9222.52
2012-11-22,9366.8
2012-11-26,9388.94
2012-11-27,9423.3
2012-11-28,9308.35
2012-11-29,9400.88
2012-11-30,9446.01
2012-12-03,9458.18
2012-12-04,9432.46
2012-12-05,9468.84
2012-12-06,9545.16
2012-12-07,9527.39
2012-12-10,9533.75
2012-12-11,9525.32
2012-12-12,9581.46
2012-12-13,9742.73
2012-12-14,9737.56
2012-12-17,9828.88
2012-12-18,9923.01
2012-12-19,10160.4
2012-12-20,10039.33
2012-12-21,9940.06
2012-12-25,10080.12
2012-12-26,10230.36
2012-12-27,10322.98
2012-12-28,10395.18
2013-01-04,10688.11
2013-01-07,10599.01
2013-01-08,10508.06
2013-01-09,10578.57
2013-01-10,10652.64
2013-01-11,10801.57
2013-01-15,10879.08
2013-01-16,10600.44
2013-01-17,10609.64
2013-01-18,10913.3
2013-01-21,10747.74
2013-01-22,10709.93
2013-01-23,10486.99
2013-01-24,10620.87
2013-01-25,10926.65
2013-01-28,10824.31
2013-01-29,10866.72
2013-01-30,11113.95
2013-01-31,11138.66
2013-02-01,11191.34
2013-02-04,11260.35
2013-02-05,11046.92
2013-02-06,11463.75
2013-02-07,11357.07
2013-02-08,11153.16
2013-02-12,11369.12
2013-02-13,11251.41
2013-02-14,11307.28
2013-02-15,11173.83
2013-02-18,11407.87
2013-02-19,11372.34
2013-02-20,11468.28
2013-02-21,11309.13
2013-02-22,11385.94
2013-02-25,11662.52
2013-02-26,11398.81
2013-02-27,11253.97
2013-02-28,11559.36
2013-03-01,11606.38
2013-03-04,11652.29
2013-03-05,11683.45
2013-03-06,11932.27
2013-03-07,11968.08
2013-03-08,12283.62
2013-03-11,12349.05
2013-03-12,12314.81
2013-03-13,12239.66
2013-03-14,12381.19
2013-03-15,12560.95
2013-03-18,12220.63
2013-03-19,12468.23
2013-03-21,12635.69
2013-03-22,12338.53
2013-03-25,12546.46
2013-03-26,12471.62
2013-03-27,12493.79
2013-03-28,12335.96
2013-03-29,12397.91
2013-04-01,12135.02
2013-04-02,12003.43
2013-04-03,12362.2
2013-04-04,12634.54
2013-04-05,12833.64
2013-04-08,13192.59
2013-04-09,13192.35
2013-04-10,13288.13
2013-04-11,13549.16
2013-04-12,13485.14
2013-04-15,13275.66
2013-04-16,13221.44
2013-04-17,13382.89
2013-04-18,13220.07
2013-04-19,13316.48
2013-04-22,13568.37
2013-04-23,13529.65
2013-04-24,13843.46
2013-04-25,13926.08
2013-04-26,13884.13
2013-04-30,13860.86
2013-05-01,13799.35
2013-05-02,13694.04
2013-05-07,14180.24
2013-05-08,14285.69
2013-05-09,14191.48
2013-05-10,14607.54
2013-05-13,14782.21
2013-05-14,14758.42
2013-05-15,15096.03
2013-05-16,15037.24
2013-05-17,15138.12
2013-05-20,15360.81
2013-05-21,15381.02
2013-05-22,15627.26
2013-05-23,14483.98
2013-05-24,14612.45
2013-05-27,14142.65
2013-05-28,14311.98
2013-05-29,14326.46
2013-05-30,13589.03
2013-05-31,13774.54
2013-06-03,13261.82
2013-06-04,13533.76
2013-06-05,13014.87
2013-06-06,12904.02
2013-06-07,12877.53
2013-06-10,13514.2
2013-06-11,13317.62
2013-06-12,13289.32
2013-06-13,12445.38
2013-06-14,12686.52
2013-06-17,13033.12
2013-06-18,13007.28
2013-06-19,13245.22
2013-06-20,13014.58
2013-06-21,13230.13
2013-06-24,13062.78
2013-06-25,12969.34
2013-06-26,12834.01
2013-06-27,13213.55
2013-06-28,13677.32
2013-07-01,13852.5
2013-07-02,14098.74
2013-07-03,14055.56
2013-07-04,14018.93
2013-07-05,14309.97
2013-07-08,14109.34
2013-07-09,14472.9
2013-07-10,14416.6
2013-07-11,14472.58
2013-07-12,14506.25
2013-07-16,14599.12
2013-07-17,14615.04
2013-07-18,14808.5
2013-07-19,14589.91
2013-07-22,14658.04
2013-07-23,14778.51
2013-07-24,14731.28
2013-07-25,14562.93
2013-07-26,14129.98
2013-07-29,13661.13
2013-07-30,13869.82
2013-07-31,13668.32
2013-08-01,14005.77
2013-08-02,14466.16
2013-08-05,14258.04
2013-08-06,14401.06
2013-08-07,13824.94
2013-08-08,13605.56
2013-08-09,13615.19
2013-08-12,13519.43
2013-08-13,13867
2013-08-14,14050.16
2013-08-15,13752.94
2013-08-16,13650.11
2013-08-19,13758.13
2013-08-20,13396.38
2013-08-21,13424.33
2013-08-22,13365.17
2013-08-23,13660.55
2013-08-26,13636.28
2013-08-27,13542.37
2013-08-28,13338.46
2013-08-29,13459.71
2013-08-30,13388.86
2013-09-02,13572.92
2013-09-03,13978.44
2013-09-04,14053.87
2013-09-05,14064.82
2013-09-06,13860.81
2013-09-09,14205.23
2013-09-10,14423.36
2013-09-11,14425.07
2013-09-12,14387.27
2013-09-13,14404.67
2013-09-17,14311.67
2013-09-18,14505.36
2013-09-19,14766.18
2013-09-20,14742.42
2013-09-24,14732.61
2013-09-25,14620.53
2013-09-26,14799.12
2013-09-27,14760.07
2013-09-30,14455.8
2013-10-01,14484.72
2013-10-02,14170.49
2013-10-03,14157.25
2013-10-04,14024.31
2013-10-07,13853.32
2013-10-08,13894.61
2013-10-09,14037.84
2013-10-10,14194.71
2013-10-11,14404.74
2013-10-15,14441.54
2013-10-16,14467.14
2013-10-17,14586.51
2013-10-18,14561.54
2013-10-21,14693.57
2013-10-22,14713.25
2013-10-23,14426.05
2013-10-24,14486.41
2013-10-25,14088.19
2013-10-28,14396.04
2013-10-29,14325.98
2013-10-30,14502.35
2013-10-31,14327.94
2013-11-01,14201.57
2013-11-05,14225.37
2013-11-06,14337.31
2013-11-07,14228.44
2013-11-08,14086.8
2013-11-11,14269.84
2013-11-12,14588.68
2013-11-13,14567.16
2013-11-14,14876.41
2013-11-15,15165.92
2013-11-18,15164.3
2013-11-19,15126.56
2013-11-20,15076.08
2013-11-21,15365.6
2013-11-22,15381.72
2013-11-25,15619.13
2013-11-26,15515.24
2013-11-27,15449.63
2013-11-28,15727.12
2013-11-29,15661.87
2013-12-02,15655.07
2013-12-03,15749.66
2013-12-04,15407.94
2013-12-05,15177.49
2013-12-06,15299.86
2013-12-09,15650.21
2013-12-10,15611.31
2013-12-11,15515.06
2013-12-12,15341.82
2013-12-13,15403.11
2013-12-16,15152.91
2013-12-17,15278.63
2013-12-18,15587.8
2013-12-19,15859.22
2013-12-20,15870.42
2013-12-24,15889.33
2013-12-25,16009.99
2013-12-26,16174.44
2013-12-27,16178.94
2013-12-30,16291.31
2014-01-06,15908.88
2014-01-07,15814.37
2014-01-08,16121.45
2014-01-09,15880.33
2014-01-10,15912.06
2014-01-14,15422.4
2014-01-15,15808.73
2014-01-16,15747.2
2014-01-17,15734.46
2014-01-20,15641.68
2014-01-21,15795.96
2014-01-22,15820.96
2014-01-23,15695.89
2014-01-24,15391.56
2014-01-27,15005.73
2014-01-28,14980.16
2014-01-29,15383.91
2014-01-30,15007.06
2014-01-31,14914.53
2014-02-03,14619.13
2014-02-04,14008.47
2014-02-05,14180.38
2014-02-06,14155.12
2014-02-07,14462.41
2014-02-10,14718.34
2014-02-12,14800.06
2014-02-13,14534.74
2014-02-14,14313.03
2014-02-17,14393.11
2014-02-18,14843.24
2014-02-19,14766.53
2014-02-20,14449.18
2014-02-21,14865.67
2014-02-24,14837.68
2014-02-25,15051.6
2014-02-26,14970.97
2014-02-27,14923.11
2014-02-28,14841.07
2014-03-03,14652.23
2014-03-04,14721.48
2014-03-05,14897.63
2014-03-06,15134.75
2014-03-07,15274.07
2014-03-10,15120.14
2014-03-11,15224.11
2014-03-12,14830.39
2014-03-13,14815.98
2014-03-14,14327.66
2014-03-17,14277.67
2014-03-18,14411.27
2014-03-19,14462.52
2014-03-20,14224.23
2014-03-24,14475.3
2014-03-25,14423.19
2014-03-26,14477.16
2014-03-27,14622.89
2014-03-28,14696.03
2014-03-31,14827.83
2014-04-01,14791.99
2014-04-02,14946.32
2014-04-03,15071.88
2014-04-04,15063.77
2014-04-07,14808.85
2014-04-08,14606.88
2014-04-09,14299.69
2014-04-10,14300.12
2014-04-11,13960.05
2014-04-14,13910.16
2014-04-15,13996.81
2014-04-16,14417.68
2014-04-17,14417.53
2014-04-18,14516.27
2014-04-21,14512.38
2014-04-22,14388.77
2014-04-23,14546.27
2014-04-24,14404.99
2014-04-25,14429.26
2014-04-28,14288.23
2014-04-30,14304.11
2014-05-01,14485.13
2014-05-02,14457.51
2014-05-07,14033.45
2014-05-08,14163.78
2014-05-09,14199.59
2014-05-12,14149.52
2014-05-13,14425.44
2014-05-14,14405.76
2014-05-15,14298.21
2014-05-16,14096.59
2014-05-19,14006.44
2014-05-20,14075.25
2014-05-21,14042.17
2014-05-22,14337.79
2014-05-23,14462.17
2014-05-26,14602.52
2014-05-27,14636.52
2014-05-28,14670.95
2014-05-29,14681.72
2014-05-30,14632.38
2014-06-02,14935.92
2014-06-03,15034.25
2014-06-04,15067.96
2014-06-05,15079.37
2014-06-06,15077.24
2014-06-09,15124
2014-06-10,14994.8
2014-06-11,15069.48
2014-06-12,14973.53
2014-06-13,15097.84
2014-06-16,14933.29
2014-06-17,14975.97
2014-06-18,15115.8
2014-06-19,15361.16
2014-06-20,15349.42
2014-06-23,15369.28
2014-06-24,15376.24
2014-06-25,15266.61
2014-06-26,15308.49
2014-06-27,15095
2014-06-30,15162.1
2014-07-01,15326.2
2014-07-02,15369.97
2014-07-03,15348.29
2014-07-04,15437.13
2014-07-07,15379.44
2014-07-08,15314.41
2014-07-09,15302.65
2014-07-10,15216.47
2014-07-11,15164.04
2014-07-14,15296.82
2014-07-15,15395.16
2014-07-16,15379.3
2014-07-17,15370.26
2014-07-18,15215.71
2014-07-22,15343.28
2014-07-23,15328.56
2014-07-24,15284.42
2014-07-25,15457.87
2014-07-28,15529.4
2014-07-29,15618.07
2014-07-30,15646.23
2014-07-31,15620.77
2014-08-01,15523.11
2014-08-04,15474.5
2014-08-05,15320.31
2014-08-06,15159.79
2014-08-07,15232.37
2014-08-08,14778.37
2014-08-11,15130.52
2014-08-12,15161.31
2014-08-13,15213.63
2014-08-14,15314.57
2014-08-15,15318.34
2014-08-18,15322.6
2014-08-19,15449.79
2014-08-20,15454.45
2014-08-21,15586.2
2014-08-22,15539.19
2014-08-25,15613.25
2014-08-26,15521.22
2014-08-27,15534.82
2014-08-28,15459.86
2014-08-29,15424.59
2014-09-01,15476.6
2014-09-02,15668.6
2014-09-03,15728.35
2014-09-04,15676.18
2014-09-05,15668.68
2014-09-08,15705.11
2014-09-09,15749.15
2014-09-10,15788.78
2014-09-11,15909.2
2014-09-12,15948.29
2014-09-16,15911.53
2014-09-17,15888.67
2014-09-18,16067.57
2014-09-19,16321.17
2014-09-22,16205.9
2014-09-24,16167.45
2014-09-25,16374.14
2014-09-26,16229.86
2014-09-29,16310.64
2014-09-30,16173.52
2014-10-01,16082.25
2014-10-02,15661.99
2014-10-03,15708.65
2014-10-06,15890.95
2014-10-07,15783.83
2014-10-08,15595.98
2014-10-09,15478.93
2014-10-10,15300.55
2014-10-14,14936.51
2014-10-15,15073.52
2014-10-16,14738.38
2014-10-17,14532.51
2014-10-20,15111.23
2014-10-21,14804.28
2014-10-22,15195.77
2014-10-23,15138.96
2014-10-24,15291.64
2014-10-27,15388.72
2014-10-28,15329.91
2014-10-29,15553.91
2014-10-30,15658.2
2014-10-31,16413.76
2014-11-04,16862.47
2014-11-05,16937.32
2014-11-06,16792.48
2014-11-07,16880.38
2014-11-10,16780.53
2014-11-11,17124.11
2014-11-12,17197.05
2014-11-13,17392.79
2014-11-14,17490.83
2014-11-17,16973.8
2014-11-18,17344.06
2014-11-19,17288.75
2014-11-20,17300.86
2014-11-21,17357.51
2014-11-25,17407.62
2014-11-26,17383.58
2014-11-27,17248.5
2014-11-28,17459.85
2014-12-01,17590.1
2014-12-02,17663.22
2014-12-03,17720.43
2014-12-04,17887.21
2014-12-05,17920.45
2014-12-08,17935.64
2014-12-09,17813.38
2014-12-10,17412.58
2014-12-11,17257.4
2014-12-12,17371.58
2014-12-15,17099.4
2014-12-16,16755.32
2014-12-17,16819.73
2014-12-18,17210.05
2014-12-19,17621.4
2014-12-22,17635.14
2014-12-24,17854.23
2014-12-25,17808.75
2014-12-26,17818.96
2014-12-29,17729.84
2014-12-30,17450.77
2015-01-05,17408.71
2015-01-06,16883.19
2015-01-07,16885.33
2015-01-08,17167.1
2015-01-09,17197.73
2015-01-13,17087.71
2015-01-14,16795.96
2015-01-15,17108.7
2015-01-16,16864.16
2015-01-19,17014.29
2015-01-20,17366.3
2015-01-21,17280.48
2015-01-22,17329.02
2015-01-23,17511.75
2015-01-26,17468.52
2015-01-27,17768.3
2015-01-28,17795.73
2015-01-29,17606.22
2015-01-30,17674.39
2015-02-02,17558.04
2015-02-03,17335.85
2015-02-04,17678.74
2015-02-05,17504.62
2015-02-06,17648.5
2015-02-09,17711.93
2015-02-10,17652.68
2015-02-12,17979.72
2015-02-13,17913.36
2015-02-16,18004.77
2015-02-17,17987.09
2015-02-18,18199.17
2015-02-19,18264.79
2015-02-20,18332.3
2015-02-23,18466.92
2015-02-24,18603.48
2015-02-25,18585.2
2015-02-26,18785.79
2015-02-27,18797.94
2015-03-02,18826.88
2015-03-03,18815.16
2015-03-04,18703.6
2015-03-05,18751.84
2015-03-06,18971
2015-03-09,18790.55
2015-03-10,18665.11
2015-03-11,18723.52
2015-03-12,18991.11
2015-03-13,19254.25
2015-03-16,19246.06
2015-03-17,19437
2015-03-18,19544.48
2015-03-19,19476.56
2015-03-20,19560.22
2015-03-23,19754.36
2015-03-24,19713.45
2015-03-25,19746.2
2015-03-26,19471.12
2015-03-27,19285.63
2015-03-30,19411.4
2015-03-31,19206.99
2015-04-01,19034.84
2015-04-02,19312.79
2015-04-03,19435.08
2015-04-06,19397.98
2015-04-07,19640.54
2015-04-08,19789.81
2015-04-09,19937.72
2015-04-10,19907.63
2015-04-13,19905.46
2015-04-14,19908.68
2015-04-15,19869.76
2015-04-16,19885.77
2015-04-17,19652.88
2015-04-20,19634.49
2015-04-21,19909.09
2015-04-22,20133.9
2015-04-23,20187.65
2015-04-24,20020.04
2015-04-27,19983.32
2015-04-28,20058.95
2015-04-30,19520.01
2015-05-01,19531.63
2015-05-07,19291.99
2015-05-08,19379.19
2015-05-11,19620.91
2015-05-12,19624.84
2015-05-13,19764.72
2015-05-14,19570.24
2015-05-15,19732.92
2015-05-18,19890.27
2015-05-19,20026.38
2015-05-20,20196.56
2015-05-21,20202.87
2015-05-22,20264.41
2015-05-25,20413.77
2015-05-26,20437.48
2015-05-27,20472.58
2015-05-28,20551.46
2015-05-29,20563.15
2015-06-01,20569.87
2015-06-02,20543.19
2015-06-03,20473.51
2015-06-04,20488.19
2015-06-05,20460.9
2015-06-08,20457.19
2015-06-09,20096.3
2015-06-10,20046.36
2015-06-11,20382.97
2015-06-12,20407.08
2015-06-15,20387.79
2015-06-16,20257.94
2015-06-17,20219.27
2015-06-18,19990.82
2015-06-19,20174.24
2015-06-22,20428.19
2015-06-23,20809.42
2015-06-24,20868.03
2015-06-25,20771.4
2015-06-26,20706.15
2015-06-29,20109.95
2015-06-30,20235.73
2015-07-01,20329.32
2015-07-02,20522.5
2015-07-03,20539.79
2015-07-06,20112.12
2015-07-07,20376.59
2015-07-08,19737.64
2015-07-09,19855.5
2015-07-10,19779.83
2015-07-13,20089.77
2015-07-14,20385.33
2015-07-15,20463.33
2015-07-16,20600.12
2015-07-17,20650.92
2015-07-21,20841.97
2015-07-22,20593.67
2015-07-23,20683.95
2015-07-24,20544.53
2015-07-27,20350.1
2015-07-28,20328.89
2015-07-29,20302.91
2015-07-30,20522.83
2015-07-31,20585.24
2015-08-03,20548.11
2015-08-04,20520.36
2015-08-05,20614.06
2015-08-06,20664.44
2015-08-07,20724.56
2015-08-10,20808.69
2015-08-11,20720.75
2015-08-12,20392.77
2015-08-13,20595.55
2015-08-14,20519.45
2015-08-17,20620.26
2015-08-18,20554.47
2015-08-19,20222.63
2015-08-20,20033.52
2015-08-21,19435.83
2015-08-24,18540.68
2015-08-25,17806.7
2015-08-26,18376.83
2015-08-27,18574.44
2015-08-28,19136.32
2015-08-31,18890.48
2015-09-01,18165.69
2015-09-02,18095.4
2015-09-03,18182.39
2015-09-04,17792.16
2015-09-07,17860.47
2015-09-08,17427.08
2015-09-09,18770.51
2015-09-10,18299.62
2015-09-11,18264.22
2015-09-14,17965.7
2015-09-15,18026.48
2015-09-16,18171.6
2015-09-17,18432.27
2015-09-18,18070.21
2015-09-24,17571.83
2015-09-25,17880.51
2015-09-28,17645.11
2015-09-29,16930.84
2015-09-30,17388.15
2015-10-01,17722.42
2015-10-02,17725.13
2015-10-05,18005.49
2015-10-06,18186.1
2015-10-07,18322.98
2015-10-08,18141.17
2015-10-09,18438.67
2015-10-13,18234.74
2015-10-14,17891
2015-10-15,18096.9
2015-10-16,18291.8
2015-10-19,18131.23
2015-10-20,18207.15
2015-10-21,18554.28
2015-10-22,18435.87
2015-10-23,18825.3
2015-10-26,18947.12
2015-10-27,18777.04
2015-10-28,18903.02
2015-10-29,18935.71
2015-10-30,19083.1
2015-11-02,18683.24
2015-11-04,18926.91
2015-11-05,19116.41
2015-11-06,19265.6
2015-11-09,19642.74
2015-11-10,19671.26
2015-11-11,19691.39
2015-11-12,19697.77
2015-11-13,19596.91
2015-11-16,19393.69
2015-11-17,19630.63
2015-11-18,19649.18
2015-11-19,19859.81
2015-11-20,19879.81
2015-11-24,19924.89
2015-11-25,19847.58
2015-11-26,19944.41
2015-11-27,19883.94
2015-11-30,19747.47
2015-12-01,20012.4
2015-12-02,19938.13
2015-12-03,19939.9
2015-12-04,19504.48
2015-12-07,19698.15
2015-12-08,19492.6
2015-12-09,19301.07
2015-12-10,19046.55
2015-12-11,19230.48
2015-12-14,18883.42
2015-12-15,18565.9
2015-12-16,19049.91
2015-12-17,19353.56
2015-12-18,18986.8
2015-12-21,18916.02
2015-12-22,18886.7
2015-12-24,18789.69
2015-12-25,18769.06
2015-12-28,18873.35
2015-12-29,18982.23
2015-12-30,19033.71
2016-01-04,18450.98
2016-01-05,18374
2016-01-06,18191.32
2016-01-07,17767.34
2016-01-08,17697.96
2016-01-12,17218.96
2016-01-13,17715.63
2016-01-14,17240.95
2016-01-15,17147.11
2016-01-18,16955.57
2016-01-19,17048.37
2016-01-20,16416.19
2016-01-21,16017.26
2016-01-22,16958.53
2016-01-25,17110.91
2016-01-26,16708.9
2016-01-27,17163.92
2016-01-28,17041.45
2016-01-29,17518.3
2016-02-01,17865.23
2016-02-02,17750.68
2016-02-03,17191.25
2016-02-04,17044.99
2016-02-05,16819.59
2016-02-08,17004.3
2016-02-09,16085.44
2016-02-10,15713.39
2016-02-12,14952.61
2016-02-15,16022.58
2016-02-16,16054.43
2016-02-17,15836.36
2016-02-18,16196.8
2016-02-19,15967.17
2016-02-22,16111.05
2016-02-23,16052.05
2016-02-24,15915.79
2016-02-25,16140.34
2016-02-26,16188.41
2016-02-29,16026.76
2016-03-01,16085.51
2016-03-02,16746.55
2016-03-03,16960.16
2016-03-04,17014.78
2016-03-07,16911.32
2016-03-08,16783.15
2016-03-09,16642.2
2016-03-10,16852.35
2016-03-11,16938.87
2016-03-14,17233.75
2016-03-15,17117.07
2016-03-16,16974.45
2016-03-17,16936.38
2016-03-18,16724.81
2016-03-22,17048.55
2016-03-23,17000.98
2016-03-24,16892.33
2016-03-25,17002.75
2016-03-28,17134.37
2016-03-29,17103.53
2016-03-30,16878.96
2016-03-31,16758.67
2016-04-01,16164.16
2016-04-04,16123.27
2016-04-05,15732.82
2016-04-06,15715.36
2016-04-07,15749.84
2016-04-08,15821.52
2016-04-11,15751.13
2016-04-12,15928.79
2016-04-13,16381.22
2016-04-14,16911.05
2016-04-15,16848.03
2016-04-18,16275.95
2016-04-19,16874.44
2016-04-20,16906.54
2016-04-21,17363.62
2016-04-22,17572.49
2016-04-25,17439.3
2016-04-26,17353.28
2016-04-27,17290.49
2016-04-28,16666.05
2016-05-02,16147.38
2016-05-06,16106.72
2016-05-09,16216.03
2016-05-10,16565.19
2016-05-11,16579.01
2016-05-12,16646.34
2016-05-13,16412.21
2016-05-16,16466.4
2016-05-17,16652.8
2016-05-18,16644.69
2016-05-19,16646.66
2016-05-20,16736.35
2016-05-23,16654.6
2016-05-24,16498.76
2016-05-25,16757.35
2016-05-26,16772.46
2016-05-27,16834.84
2016-05-30,17068.02
2016-05-31,17234.98
2016-06-01,16955.73
2016-06-02,16562.55
2016-06-03,16642.23
2016-06-06,16580.03
2016-06-07,16675.45
2016-06-08,16830.92
2016-06-09,16668.41
2016-06-10,16601.36
2016-06-13,16019.18
2016-06-14,15859
2016-06-15,15919.58
2016-06-16,15434.14
2016-06-17,15599.66
2016-06-20,15965.3
2016-06-21,16169.11
2016-06-22,16065.72
2016-06-23,16238.35
2016-06-24,14952.02
2016-06-27,15309.21
2016-06-28,15323.14
2016-06-29,15566.83
2016-06-30,15575.92
2016-07-01,15682.48
2016-07-04,15775.8
2016-07-05,15669.33
2016-07-06,15378.99
2016-07-07,15276.24
2016-07-08,15106.98
2016-07-11,15708.82
2016-07-12,16095.65
2016-07-13,16231.43
2016-07-14,16385.89
2016-07-15,16497.85
2016-07-19,16723.31
2016-07-20,16681.89
2016-07-21,16810.22
2016-07-22,16627.25
2016-07-25,16620.29
2016-07-26,16383.04
2016-07-27,16664.82
2016-07-28,16476.84
2016-07-29,16569.27
2016-08-01,16635.77
2016-08-02,16391.45
2016-08-03,16083.11
2016-08-04,16254.89
2016-08-05,16254.45
2016-08-08,16650.57
2016-08-09,16764.97
2016-08-10,16735.12
2016-08-12,16919.92
2016-08-15,16869.56
2016-08-16,16596.51
2016-08-17,16745.64
2016-08-18,16486.01
2016-08-19,16545.82
2016-08-22,16598.19
2016-08-23,16497.36
2016-08-24,16597.3
2016-08-25,16555.95
2016-08-26,16360.71
2016-08-29,16737.49
2016-08-30,16725.36
2016-08-31,16887.4
2016-09-01,16926.84
2016-09-02,16925.68
2016-09-05,17037.63
2016-09-06,17081.98
2016-09-07,17012.44
2016-09-08,16958.77
2016-09-09,16965.76
2016-09-12,16672.92
2016-09-13,16729.04
2016-09-14,16614.24
2016-09-15,16405.01
2016-09-16,16519.29
2016-09-20,16492.15
2016-09-21,16807.62
2016-09-23,16754.02
2016-09-26,16544.56
2016-09-27,16683.93
2016-09-28,16465.4
2016-09-29,16693.71
2016-09-30,16449.84
2016-10-03,16598.67
2016-10-04,16735.65
2016-10-05,16819.24
2016-10-06,16899.1
2016-10-07,16860.09
2016-10-11,17024.76
2016-10-12,16840
2016-10-13,16774.24
2016-10-14,16856.37
2016-10-17,16900.12
2016-10-18,16963.61
2016-10-19,16998.91
2016-10-20,17235.5
2016-10-21,17184.59
2016-10-24,17234.42
2016-10-25,17365.25
2016-10-26,17391.84
2016-10-27,17336.42
2016-10-28,17446.41
2016-10-31,17425.02
2016-11-01,17442.4
2016-11-02,17134.68
2016-11-04,16905.36
2016-11-07,17177.21
2016-11-08,17171.38
2016-11-09,16251.54
2016-11-10,17344.42
2016-11-11,17374.79
2016-11-14,17672.62
2016-11-15,17668.15
2016-11-16,17862.21
2016-11-17,17862.63
2016-11-18,17967.41
2016-11-21,18106.02
2016-11-22,18162.94
2016-11-24,18333.41
2016-11-25,18381.22
2016-11-28,18356.89
2016-11-29,18307.04
2016-11-30,18308.48
2016-12-01,18513.12
2016-12-02,18426.08
2016-12-05,18274.99
2016-12-06,18360.54
2016-12-07,18496.69
2016-12-08,18765.47
2016-12-09,18996.37
2016-12-12,19155.03
2016-12-13,19250.52
2016-12-14,19253.61
2016-12-15,19273.79
2016-12-16,19401.15
2016-12-19,19391.6
2016-12-20,19494.53
2016-12-21,19444.49
2016-12-22,19427.67
2016-12-26,19396.64
2016-12-27,19403.06
2016-12-28,19401.72
2016-12-29,19145.14
2016-12-30,19114.37
2017-01-04,19594.16
2017-01-05,19520.69
2017-01-06,19454.33
2017-01-10,19301.44
2017-01-11,19364.67
2017-01-12,19134.7
2017-01-13,19287.28
2017-01-16,19095.24
2017-01-17,18813.53
2017-01-18,18894.37
2017-01-19,19072.25
2017-01-20,19137.91
2017-01-23,18891.03
2017-01-24,18787.99
2017-01-25,19057.5
2017-01-26,19402.39
2017-01-27,19467.4
2017-01-30,19368.85
2017-01-31,19041.34
2017-02-01,19148.08
2017-02-02,18914.58
2017-02-03,18918.2
2017-02-06,18976.71
2017-02-07,18910.78
2017-02-08,19007.6
2017-02-09,18907.67
2017-02-10,19378.93
2017-02-13,19459.15
2017-02-14,19238.98
2017-02-15,19437.98
2017-02-16,19347.53
2017-02-17,19234.62
2017-02-20,19251.08
2017-02-21,19381.44
2017-02-22,19379.87
2017-02-23,19371.46
2017-02-24,19283.54
2017-02-27,19107.47
2017-02-28,19118.99
2017-03-01,19393.54
2017-03-02,19564.8
2017-03-03,19469.17
2017-03-06,19379.14
2017-03-07,19344.15
2017-03-08,19254.03
2017-03-09,19318.58
2017-03-10,19604.61
2017-03-13,19633.75
2017-03-14,19609.5
2017-03-15,19577.38
2017-03-16,19590.14
2017-03-17,19521.59
2017-03-21,19455.88
2017-03-22,19041.38
2017-03-23,19085.31
2017-03-24,19262.53
2017-03-27,18985.59
2017-03-28,19202.87
2017-03-29,19217.48
2017-03-30,19063.22
2017-03-31,18909.26
2017-04-03,18983.23
2017-04-04,18810.25
2017-04-05,18861.27
2017-04-06,18597.06
2017-04-07,18664.63
2017-04-10,18797.88
2017-04-11,18747.87
2017-04-12,18552.61
2017-04-13,18426.84
2017-04-14,18335.63
2017-04-17,18355.26
2017-04-18,18418.59
2017-04-19,18432.2
2017-04-20,18430.49
2017-04-21,18620.75
2017-04-24,18875.88
2017-04-25,19079.33
2017-04-26,19289.43
2017-04-27,19251.87
2017-04-28,19196.74
2017-05-01,19310.52
2017-05-02,19445.7
2017-05-08,19895.7
2017-05-09,19843
2017-05-10,19900.09
2017-05-11,19961.55
2017-05-12,19883.9
2017-05-15,19869.85
2017-05-16,19919.82
2017-05-17,19814.88
2017-05-18,19553.86
2017-05-19,19590.76
2017-05-22,19678.28
2017-05-23,19613.28
2017-05-24,19742.98
2017-05-25,19813.13
2017-05-26,19686.84
2017-05-29,19682.57
2017-05-30,19677.85
2017-05-31,19650.57
2017-06-01,19860.03
2017-06-02,20177.28
2017-06-05,20170.82
2017-06-06,19979.9
2017-06-07,19984.62
2017-06-08,19909.26
2017-06-09,20013.26
2017-06-12,19908.58
2017-06-13,19898.75
2017-06-14,19883.52
2017-06-15,19831.82
2017-06-16,19943.26
2017-06-19,20067.75
2017-06-20,20230.41
2017-06-21,20138.79
2017-06-22,20110.51
2017-06-23,20132.67
2017-06-26,20153.35
2017-06-27,20225.09
2017-06-28,20130.41
2017-06-29,20220.3
2017-06-30,20033.43
2017-07-03,20055.8
2017-07-04,20032.35
2017-07-05,20081.63
2017-07-06,19994.06
2017-07-07,19929.09
2017-07-10,20080.98
2017-07-11,20195.48
2017-07-12,20098.38
2017-07-13,20099.81
2017-07-14,20118.86
2017-07-18,19999.91
2017-07-19,20020.86
2017-07-20,20144.59
2017-07-21,20099.75
2017-07-24,19975.67
2017-07-25,19955.2
2017-07-26,20050.16
2017-07-27,20079.64
2017-07-28,19959.84
2017-07-31,19925.18
2017-08-01,19985.79
2017-08-02,20080.04
2017-08-03,20029.26
2017-08-04,19952.33
2017-08-07,20055.89
2017-08-08,19996.01
2017-08-09,19738.71
2017-08-10,19729.74
2017-08-14,19537.1
2017-08-15,19753.31
2017-08-16,19729.28
2017-08-17,19702.63
2017-08-18,19470.41
2017-08-21,19393.13
2017-08-22,19383.84
2017-08-23,19434.64
2017-08-24,19353.77
2017-08-25,19452.61
2017-08-28,19449.9
2017-08-29,19362.55
2017-08-30,19506.54
2017-08-31,19646.24
2017-09-01,19691.47
2017-09-04,19508.25
2017-09-05,19385.81
2017-09-06,19357.97
2017-09-07,19396.52
2017-09-08,19274.82